id,emoji,english,arabic
1,๐,Grinning Face,ูุจุชุณูุง ุงููุฌู
2,๐,Grinning Face With Big Eyes,ูุจุชุณูุง ุงููุฌู ูุน ุนููู ูุจูุฑุฉ
3,๐,Grinning Face With Smiling Eyes,ูุจุชุณูุง ุงููุฌู ุงููุจุชุณู ูุน ุนููู
4,๐,Beaming Face With Smiling Eyes,ูุจุชูุฌุง ุงููุฌู ุงููุจุชุณู ูุน ุนููู
5,๐,Grinning Squinting Face,ูุจุชุณูุง ุงูุชุญุฏูู ุงููุฌู
6,๐,Grinning Face With Sweat,ูุจุชุณูุง ุงููุฌู ูุนุฑู
7,๐คฃ,Rolling on the Floor Laughing,ูุชุฏุญุฑุฌ ุนูู ุงูุงุฑุถ ูู ุงูุถุญู
8,๐,Face With Tears of Joy,ูุฌู ูุน ุฏููุน ุงููุฑุญ
9,๐,Slightly Smiling Face,ูุจุชุณู ููููุง ุงููุฌู
10,๐,Upside-Down Face,ุงููุฌู ุฑุฃุณุง ุนูู ุนูุจ
11,๐,Winking Face,ุงูุบูุฒ ุงููุฌู
12,๐,Smiling Face With Smiling Eyes,ุงููุฌู ุงููุจุชุณู ูุน ูุจุชุณู ุนููู
13,๐,Smiling Face With Halo,ุงููุฌู ุงููุจุชุณู ูุน ูุงูุฉ
14,๐ฅฐ,Smiling Face With Hearts,ุงููุฌู ุงููุจุชุณู ูุน ูููุจ
15,๐,Smiling Face With Heart-Eyes,ุงููุฌู ุงููุจุชุณู ูุน ููุจ ุนููู
16,๐คฉ,Star-Struck,ุถุฑุจูุง ูุฌูู
17,๐,Face Blowing a Kiss,ููุงุฌูุฉ ุชูุจ ูุจูุฉ
18,๐,Kissing Face,ุชูุจูู ุงููุฌู
19,โบ,Smiling Face,ุงููุฌู ุงููุจุชุณู
20,๐,Kissing Face With Closed Eyes,ุชูุจูู ุงููุฌู ูุน ุนููู ูุบููุฉ
21,๐,Kissing Face With Smiling Eyes,ุชูุจูู ุงููุฌู ุงููุจุชุณู ูุน ุนููู
22,๐,Face Savoring Food,ูุฌู ูุชุฐูู ุงูุทุนุงู
23,๐,Face With Tongue,ูุฌู ูุน ุงููุณุงู
24,๐,Winking Face With Tongue,ุงูุบูุฒ ุงููุฌู ูุงููุณุงู
25,๐คช,Zany Face,ูุฌู ููุฑุฌ
26,๐,Squinting Face With Tongue,ุงูุชุญุฏูู ุงููุฌู ูุงููุณุงู
27,๐ค,Money-Mouth Face,ุงููุงู ุงููู ุงููุฌู
28,๐ค,Hugging Face,ุชุนุงูู ูุฌู
29,๐คญ,Face With Hand Over Mouth,ูุฌู ูุน ุชุณููู ุงููู
30,๐คซ,Shushing Face,Shushing ุงููุฌู
31,๐ค,Thinking Face,ุงูุชูููุฑ ุงููุฌู
32,๐ค,Zipper-Mouth Face,ุงููุฌู ุฒูุจุฑ ุงูููุงุนูุฉ
33,๐คจ,Face With Raised Eyebrow,ููุงุฌูุฉ ูุน ุงูุญุงุฌุจูู
34,๐,Neutral Face,ูุฌู ูุญุงูุฏ
35,๐,Expressionless Face,ุงููุฌู ุงูุชุนุงุจูุฑ
36,๐ถ,Face Without Mouth,ูุฌู ุจุฏูู ูู
37,๐,Smirking Face,ุณููุฑูููุฌ ุงููุฌู
38,๐,Unamused Face,ูุฌู ุบูุฑ ูุณุชูุชุน
39,๐,Face With Rolling Eyes,ูุฌู ูุน ุงููุชุฏุงูู ุนููู
40,๐ฌ,Grimacing Face,ููุทุจุง ุงููุฌู
41,๐คฅ,Lying Face,ุงููุฐุจ ุงููุฌู
42,๐,Relieved Face,ุงููุฌู ุจุงูุงุฑุชูุงุญ
43,๐,Pensive Face,ูุฌู ูุชุฃูู
44,๐ช,Sleepy Face,ูุฌู ูุงุฆู
45,๐คค,Drooling Face,ุณููุงู ุงููุนุงุจ ุงููุฌู
46,๐ด,Sleeping Face,ุงูููู ุงููุฌู
47,๐ท,Face With Medical Mask,ูุฌู ูููุงุน ุงูุทุจูุฉ
48,๐ค,Face With Thermometer,ูุฌู ูุน ููุฒุงู ุงูุญุฑุงุฑุฉ
49,๐ค,Face With Head-Bandage,ูุฌู ูุงูุฑุฃุณ ุถูุงุฏุฉ
50,๐คข,Nauseated Face,ุงููุฌู ุจุงูุบุซูุงู
51,๐คฎ,Face Vomiting,ูุฌู ุงูููุก
52,๐คง,Sneezing Face,ุงูุนุทุณ ุงููุฌู
53,๐ฅต,Hot Face,ููุงุฌูุฉ ุณุงุฎูุฉ
54,๐ฅถ,Cold Face,ุงููุฌู ุงูุจุงุฑุฏ
55,๐ฅด,Woozy Face,ูุฌู ูุดูุด ุงูุฐูู
56,๐ต,Dizzy Face,ุงููุฌู ุจุงูุฏูุงุฑ
57,๐คฏ,Exploding Head,ุงููุฌุงุฑ ุงูุฑุฃุณ
58,๐ค,Cowboy Hat Face,ุฑุนุงุฉ ุงูุจูุฑ ุงููุจุนุฉ ุงููุฌู
59,๐ฅณ,Partying Face,ุงูุญููุงุช ุงููุฌู
60,๐,Smiling Face With Sunglasses,ุงููุฌู ุงููุจุชุณู ูุน ุงููุธุงุฑุงุช ุงูุดูุณูุฉ
61,๐ค,Nerd Face,ุงูุทุงูุจ ุงูุฐู ูุฐุงูุฑ ูุซูุฑุง ุงููุฌู
62,๐ง,Face With Monocle,ูุฌู ูุน ูููููู
63,๐,Confused Face,ุงููุฌู ุงูุฎูุท
64,๐,Worried Face,ุงููุฌู ููู
65,๐,Slightly Frowning Face,ููุทุจ ุงููุฌู ููููุง
66,โน,Frowning Face,ููุทุจ ุงููุฌู
67,๐ฎ,Face With Open Mouth,ูุฌู ุจูู ููุชูุญ
68,๐ฏ,Hushed Face,ุงููุฌู ุงููุณููุช
69,๐ฒ,Astonished Face,ุงููุฌู ุฏูุด
70,๐ณ,Flushed Face,ูุฌู ูุชููุฌ
71,๐ฅบ,Pleading Face,ุงููุฑุงูุนุฉ ุงููุฌู
72,๐ฆ,Frowning Face With Open Mouth,ููุทุจ ุงููุฌู ูุงููู ุงูููุชูุญ
73,๐ง,Anguished Face,ุงููุฌู ุงููุคูู
74,๐จ,Fearful Face,ูุฌู ูุฎูู
75,๐ฐ,Anxious Face With Sweat,ุงููุฌู ุญุฑูุตุฉ ูุน ุงูุนุฑู
76,๐ฅ,Sad but Relieved Face,ูุฌู ุญุฒูู ูููู ุจุงูุงุฑุชูุงุญ
77,๐ข,Crying Face,ุงูุจูุงุก ุงููุฌู
78,๐ญ,Loudly Crying Face,ุงูุจูุงุก ุจุตูุช ุนุงู ุงููุฌู
79,๐ฑ,Face Screaming in Fear,ููุงุฌูุฉ ุตุฑุงุฎ ูู ุงูุฎูู
80,๐,Confounded Face,ูุฌู ูุฑุชุจู
81,๐ฃ,Persevering Face,ุงููุซุงุจุฑุฉ ุงููุฌู
82,๐,Disappointed Face,ุงููุฌู ุจุฎูุจุฉ ุฃูู
83,๐,Downcast Face With Sweat,ุงููุฌู ูุณุจู ูุน ุงูุนุฑู
84,๐ฉ,Weary Face,ุงููุฌู ุงููุชุนุจ
85,๐ซ,Tired Face,ูุฌู ูุชุนุจ
86,๐ค,Face With Steam From Nose,ุงููุฌู ูุน ุงูุจุฎุงุฑ ูู ุงูุฃูู
87,๐ก,Pouting Face,ุงูุนุจูุณ ุงููุฌู
88,๐,Angry Face,ูุฌู ุบุงุถุจ
89,๐คฌ,Face With Symbols on Mouth,ูุฌู ูุน ุงูุฑููุฒ ุนูู ุงููู
90,๐,Smiling Face With Horns,ุงููุฌู ุงููุจุชุณู ูุน ุงูุฃุจูุงู
91,๐ฟ,Angry Face With Horns,ูุฌู ุบุงุถุจ ูุน ุงูุฃุจูุงู
92,๐,Skull,ุฌูุฌูุฉ
93,โ,Skull and Crossbones,ุฌูุฌูุฉ ูุนุธูุชูู ูุชูุงุทุนุชูู
94,๐ฉ,Pile of Poo,ูููุฉ ูู ุจู
95,๐คก,Clown Face,ูุฌู ููุฑุฌ
96,๐น,Ogre,ุบูู
97,๐บ,Goblin,ุนูุฑูุช
98,๐ป,Ghost,ุดุจุญ
99,๐ฝ,Alien,ูุงุฆู ูุถุงุฆู
100,๐พ,Alien Monster,ุงูุบุฑูุจุฉ ุงููุญุด
101,๐ค,Robot Face,ุงูุฑูุจูุช ุงููุฌู
102,๐บ,Grinning Cat Face,ูุจุชุณูุง ุงููุท ุงููุฌู
103,๐ธ,Grinning Cat Face With Smiling Eyes,ูุจุชุณูุง ุงููุท ุงููุฌู ุงููุจุชุณู ูุน ุนููู
104,๐น,Cat Face With Tears of Joy,ุงููุฌู ุงููุท ูุน ุฏููุน ุงููุฑุญ
105,๐ป,Smiling Cat Face With Heart-Eyes,ุงููุฌู ุงููุจุชุณู ุงููุท ูุน ููุจ ุนููู
106,๐ผ,Cat Face With Wry Smile,ุงููุฌู ุงููุท ูุน ุงุจุชุณุงูุฉ ุณุงุฎุฑุฉ
107,๐ฝ,Kissing Cat Face,ุชูุจูู ุงููุท ุงููุฌู
108,๐,Weary Cat Face,ุจุงูุถุฌุฑ ูุฌู ุงููุท
109,๐ฟ,Crying Cat Face,ุจูุงุก ุงููุท ุงููุฌู
110,๐พ,Pouting Cat Face,ุงูุนุจูุณ ุงููุท ุงููุฌู
111,๐,Kiss Mark,ุนูุงูุฉ ูุจูุฉ
112,๐,Waving Hand,ุงูุชูููุญ ุจุงููุฏ
113,๐ค,Raised Back of Hand,ุฑูุน ุงูุฌุฒุก ุงูุฎููู ูู ุงููุฏ
114,๐,Hand With Fingers Splayed,ุงููุฏ ูุน ุงูุฃุตุงุจุน ูููุทุญุฉ
115,โ,Raised Hand,ุงููุฏ ุงูุชู ุฃุซูุฑุช
116,๐,Vulcan Salute,ููููุงู ุชุญูุฉ
117,๐,OK Hand,ููุงูู ุงููุฏ
118,โ,Victory Hand,ููุฒ ุงููุฏ
119,๐ค,Crossed Fingers,ุชูููุช
120,๐ค,Love-You Gesture,ุงูุญุจ ูุฃูุช ููุชุฉ
121,๐ค,Sign of the Horns,ุนูุงูุฉ ูู ุงูุฃุจูุงู
122,๐ค,Call Me Hand,ุงุชุตู ุจู ุงููุฏ
123,๐,Backhand Index Pointing Left,ูุคุดุฑ ุฎูููุฉ ูุดูุฑุง ุงููุณุงุฑ
124,๐,Backhand Index Pointing Right,ูุคุดุฑ ุฎูููุฉ ูุดูุฑุง ุงููููู
125,๐,Backhand Index Pointing Up,ูุคุดุฑ ุฎูููุฉ ุฅูู ุงูุงุฑุชูุงุน
126,๐,Middle Finger,ุงูุงุตุจุน ุงููุณุทู
127,๐,Backhand Index Pointing Down,ูุคุดุฑ ุฎูููุฉ ูุดูุฑุง ุฅูู ุฃุณูู
128,โ,Index Pointing Up,ูุคุดุฑ ุฅูู ุงูุงุฑุชูุงุน
129,๐,Thumbs Up,ููุชุงุฒ
130,๐,Thumbs Down,ุงุณุชูุฌู
131,โ,Raised Fist,ุฑูุน ูุจุถุฉ
132,๐,Oncoming Fist,ุงููุจุถุฉ ูุฏูู
133,๐ค,Left-Facing Fist,ุงููุณุงุฑ ููุงุฌูุฉ ุงููุจุถุฉ
134,๐ค,Right-Facing Fist,ุจุฒุฑ ุงููุงูุณ ุงูุฃููู ููุงุฌูุฉ ุงููุจุถุฉ
135,๐,Clapping Hands,ุงูุชุตููู
136,๐,Raising Hands,ุฑูุน ุงูุฃูุฏู
137,๐,Open Hands,ุงูุฃูุฏู ุงูููุชูุญุฉ
138,๐คฒ,Palms Up Together,ุงููุฎูู ูุนุง
139,๐ค,Handshake,ูุตุงูุญุฉ
140,๐,Folded Hands,ุงูุฃูุฏู ูุทููุฉ
141,โ,Writing Hand,ูุชุงุจุฉ ุงููุฏ
142,๐,Nail Polish,ุทูุงุก ุงูุฃุธุงูุฑ
143,๐คณ,Selfie,ุตูุฑุฉ ุดุฎุตูุฉ
144,๐ช,Flexed Biceps,ุงุณุชุนุฑุถูุง ุงูุนุถูุฉ ุฐุงุช ุงูุฑุฃุณูู
145,๐ฆต,Leg,ุฑุฌู
146,๐ฆถ,Foot,ูุฏู
147,๐,Ear,ุฅุฐู
148,๐,Nose,ุฃูู
149,๐ง,Brain,ุฏูุงุบ
150,๐ฆท,Tooth,ุณู
151,๐ฆด,Bone,ุนุธู
152,๐,Eyes,ุนููู
153,๐,Eye,ุนูู
154,๐,Tongue,ูุณุงู
155,๐,Mouth,ูู
156,๐ถ,Baby,ุทูู
157,๐ง,Child,ุทูู
158,๐ฆ,Boy,ุตุจู
159,๐ง,Girl,ูุชุงุฉ
160,๐ง,Person,ุดุฎุต
161,๐ฑ,Person: Blond Hair,ุงูุดุฎุต: ุฃุดูุฑ ุงูุดุนุฑ
162,๐จ,Man,ุฑุฌู
163,๐ง,Man: Beard,ุงูุฑุฌู: ูุญูุฉ
164,๐ฑโโ๏ธ,Man: Blond Hair,ุงูุฑุฌู: ุฃุดูุฑ ุงูุดุนุฑ
165,๐จโ๐ฆฐ,Man: Red Hair,ุงูุฑุฌู: ุงูุดุนุฑ ุงูุฃุญูุฑ
166,๐จโ๐ฆฑ,Man: Curly Hair,ุงูุฑุฌู: ุงูุดุนุฑ ูุฌุนุฏ
167,๐จโ๐ฆณ,Man: White Hair,ุงูุฑุฌู: ุฃุจูุถ ุงูุดุนุฑ
168,๐จโ๐ฆฒ,Man: Bald,ุงูุฑุฌู: ุฃุตูุน
169,๐ฉ,Woman,ุงููุณุงุก
170,๐ฑโโ๏ธ,Woman: Blond Hair,ุงูุฑุฃุฉ: ุฃุดูุฑ ุงูุดุนุฑ
171,๐ฉโ๐ฆฐ,Woman: Red Hair,ุงููุฑุฃุฉ: ุงูุดุนุฑ ุงูุฃุญูุฑ
172,๐ฉโ๐ฆฑ,Woman: Curly Hair,ุงููุฑุฃุฉ: ุงูุดุนุฑ ูุฌุนุฏ
173,๐ฉโ๐ฆณ,Woman: White Hair,ุงููุฑุฃุฉ: ุงูุดุนุฑ ุงูุฃุจูุถ
174,๐ฉโ๐ฆฒ,Woman: Bald,ุงูุฑุฃุฉ: ุงุตูุน
175,๐ง,Older Person,ูุจุงุฑ ุงูุณู
176,๐ด,Old Man,ุนุฌูุฒ
177,๐ต,Old Woman,ุงูุฑุฃุฉ ูุจูุฑุฉ ุจุงูุณู
178,๐,Person Frowning,ุงูุดุฎุต ููุทุจ
179,๐โโ๏ธ,Man Frowning,ุฑุฌู ููุทุจ
180,๐โโ๏ธ,Woman Frowning,ุงูุฑุฃุฉ ููุทุจ
181,๐,Person Pouting,ุงูุดุฎุต ุงูุนุจูุณ
182,๐โโ๏ธ,Man Pouting,ุงูุฑุฌู ุงูุนุจูุณ
183,๐โโ๏ธ,Woman Pouting,ุงูุฑุฃุฉ ุงูุนุจูุณ
184,๐,Person Gesturing No,ุดุฎุต ูุดูุฑุง ุจูุฏูู ูุง
185,๐โโ๏ธ,Man Gesturing No,ุฑุฌู ููุดูุฑุง ุจูุฏูู ูุง
186,๐โโ๏ธ,Woman Gesturing No,ุงูุฑุฃุฉ ูุดูุฑุง ุจูุฏูู ูุง
187,๐,Person Gesturing OK,ุดุฎุต ูุดูุฑุง ุจูุฏูู OK
188,๐โโ๏ธ,Man Gesturing OK,ุฑุฌู ููุดูุฑุง ุจูุฏูู OK
189,๐โโ๏ธ,Woman Gesturing OK,ุงูุฑุฃุฉ ูุดูุฑุง ุจูุฏูู OK
190,๐,Person Tipping Hand,ุดุฎุต ุงูุจูุดูุด ุงููุฏ
191,๐โโ๏ธ,Man Tipping Hand,ุฑุฌู ุงูุจูุดูุด ุงููุฏ
192,๐โโ๏ธ,Woman Tipping Hand,ุงูุฑุฃุฉ ุงูุจูุดูุด ุงููุฏ
193,๐,Person Raising Hand,ุดุฎุต ุฑูุน ุงููุฏ
194,๐โโ๏ธ,Man Raising Hand,ุฑุฌู ุฑูุน ุงููุฏ
195,๐โโ๏ธ,Woman Raising Hand,ุงูุฑุฃุฉ ุฑูุน ุงููุฏ
196,๐,Person Bowing,ุดุฎุต ุฅูุญูุงุก
197,๐โโ๏ธ,Man Bowing,ุฑุฌู ุฅูุญูุงุก
198,๐โโ๏ธ,Woman Bowing,ุงูุฑุฃุฉ ุฅูุญูุงุก
199,๐คฆ,Person Facepalming,ุดุฎุต Facepalming
200,๐คฆโโ๏ธ,Man Facepalming,ุฑุฌู Facepalming
201,๐คฆโโ๏ธ,Woman Facepalming,ุงูุฑุฃุฉ Facepalming
202,๐คท,Person Shrugging,ุดุฎุต ุงูุฅุณุชูุฌุงู
203,๐คทโโ๏ธ,Man Shrugging,ุฑุฌู ุงูุฅุณุชูุฌุงู
204,๐คทโโ๏ธ,Woman Shrugging,ุงูุฑุฃุฉ ุงูุฅุณุชูุฌุงู
205,๐จโโ๏ธ,Man Health Worker,ุฑุฌู ุงูุนุงูููู ุงูุตุญููู
206,๐ฉโโ๏ธ,Woman Health Worker,ุงูุฑุฃุฉ ุงูุนุงูููู ุงูุตุญููู
207,๐จโ๐,Man Student,ุฑุฌู ุงูุทูุงุจ
208,๐ฉโ๐,Woman Student,ุงูุฑุฃุฉ ุงูุทูุงุจ
209,๐จโ๐ซ,Man Teacher,ุงูุฑุฌู ุงููุนูู
210,๐ฉโ๐ซ,Woman Teacher,ูุนููุฉ
211,๐จโโ๏ธ,Man Judge,ุฑุฌู ุงููุงุถู
212,๐ฉโโ๏ธ,Woman Judge,ุงูุฑุฃุฉ ุงููุงุถู
213,๐จโ๐พ,Man Farmer,ุฑุฌู ุงููุฒุงุฑุนูู
214,๐ฉโ๐พ,Woman Farmer,ุงูุฑุฃุฉ ุงููุฒุงุฑุนูู
215,๐จโ๐ณ,Man Cook,ุฑุฌู ููู
216,๐ฉโ๐ณ,Woman Cook,ุงูุฑุฃุฉ ููู
217,๐จโ๐ง,Man Mechanic,ุฑุฌู ูููุงูููู
218,๐ฉโ๐ง,Woman Mechanic,ุงูุฑุฃุฉ ูููุงูููู
219,๐จโ๐ญ,Man Factory Worker,ุฑุฌู ูุตูุน ุงูุนูุงู
220,๐ฉโ๐ญ,Woman Factory Worker,ุงูุฑุฃุฉ ูุตูุน ุงูุนูุงู
221,๐จโ๐ผ,Man Office Worker,ุฑุฌู ููุชุจ ุงูุนูุงู
222,๐ฉโ๐ผ,Woman Office Worker,ุงูุฑุฃุฉ ููุชุจ ุงูุนูุงู
223,๐จโ๐ฌ,Man Scientist,ุฑุฌู ุนุงูู
224,๐ฉโ๐ฌ,Woman Scientist,ุงูุฑุฃุฉ ุนุงููุฉ
225,๐จโ๐ป,Man Technologist,ุฑุฌู ุชููู
226,๐ฉโ๐ป,Woman Technologist,ุงูุฑุฃุฉ ุชููู
227,๐จโ๐ค,Man Singer,ุฑุฌู ุณูุฌุฑ
228,๐ฉโ๐ค,Woman Singer,ุงูุฑุฃุฉ ุงููุบูู
229,๐จโ๐จ,Man Artist,ุงูุฑุฌู ุงูููุงู
230,๐ฉโ๐จ,Woman Artist,ุงูุฑุฃุฉ ุงูููุงู
231,๐จโโ๏ธ,Man Pilot,ุงูุฑุฌู ุงูุทูุงุฑ
232,๐ฉโโ๏ธ,Woman Pilot,ุงูุฑุฃุฉ ุงูุทูุงุฑ
233,๐จโ๐,Man Astronaut,ุฑุฌู ุฑุงุฆุฏ ุงููุถุงุก
234,๐ฉโ๐,Woman Astronaut,ุงูุฑุฃุฉ ุฑุงุฆุฏ ุงููุถุงุก
235,๐จโ๐,Man Firefighter,ุฑุฌู ุงูุงุทูุงุก
236,๐ฉโ๐,Woman Firefighter,ุงูุฑุฃุฉ ุฑุฌุงู ุงูุงุทูุงุก
237,๐ฎ,Police Officer,ุถุงุจุท ุดุฑุทุฉ
238,๐ฎโโ๏ธ,Man Police Officer,ุถุงุจุท ุดุฑุทุฉ ุฑุฌู
239,๐ฎโโ๏ธ,Woman Police Officer,ุถุงุจุท ุดุฑุทุฉ ุงูุฑุฃุฉ
240,๐ต,Detective,ุงููุญูู
241,๐ต๏ธโโ๏ธ,Man Detective,ุฑุฌู ุงููุจุงุญุซ
242,๐ต๏ธโโ๏ธ,Woman Detective,ุงูุฑุฃุฉ ุงููุฎุจุฑ
243,๐,Guard,ุญุงุฑุณ
244,๐โโ๏ธ,Man Guard,ุงูุญุฑุณ ุฑุฌู
245,๐โโ๏ธ,Woman Guard,ุงูุญุฑุณ ุงูุฑุฃุฉ
246,๐ท,Construction Worker,ุนุงูู ุจูุงุก
247,๐ทโโ๏ธ,Man Construction Worker,ุฑุฌู ุนูุงู ุงูุจูุงุก
248,๐ทโโ๏ธ,Woman Construction Worker,ุงูุฑุฃุฉ ุนูุงู ุงูุจูุงุก
249,๐คด,Prince,ุฃููุฑ
250,๐ธ,Princess,ุฃููุฑุฉ
251,๐ณ,Person Wearing Turban,ุดุฎุต ูุฑุชุฏู ุงูุนูุงูุฉ
252,๐ณโโ๏ธ,Man Wearing Turban,ุฑุฌู ูุฑุชุฏู ุงูุนูุงูุฉ
253,๐ณโโ๏ธ,Woman Wearing Turban,ุงูุฑุฃุฉ ุงูุนูุงูุฉ ูุฑุชุฏู
254,๐ฒ,Man With Chinese Cap,ุฑุฌู ูุน ูุงุจ ุงูุตููู
255,๐ง,Woman With Headscarf,ุงูุฑุฃุฉ ูุน ุงูุญุฌุงุจ
256,๐คต,Man in Tuxedo,ุฑุฌู ูู ุณูุฑุฉ
257,๐ฐ,Bride With Veil,ุงูุนุฑูุณ ูุน ุงูุญุฌุงุจ
258,๐คฐ,Pregnant Woman,ุงููุฑุฃุฉ ุงูุญุงูู
259,๐คฑ,Breast-Feeding,ุงูุฑุถุงุนุฉ ุงูุทุจูุนูุฉ
260,๐ผ,Baby Angel,ุงูุทูู ุงูููุงู
261,๐,Santa Claus,ุจุงุจุง ูููู
262,๐คถ,Mrs. Claus,ุงูุณูุฏุฉ ูููุฒ
263,๐ฆธ,Superhero,ุฎุงุฑูุฉ
264,๐ฆธโโ๏ธ,Man Superhero,ุฑุฌู ุฎุงุฑูุฉ
265,๐ฆธโโ๏ธ,Woman Superhero,ุงูุฑุฃุฉ ุฎุงุฑูุฉ
266,๐ฆน,Supervillain,ุณูุจุฑููููู
267,๐ฆนโโ๏ธ,Man Supervillain,ุฑุฌู ุณูุจุฑููููู
268,๐ฆนโโ๏ธ,Woman Supervillain,ุงูุฑุฃุฉ ุณูุจุฑููููู
269,๐ง,Mage,ุจุฑูู
270,๐งโโ๏ธ,Man Mage,ุฑุฌู ูุงุฌู
271,๐งโโ๏ธ,Woman Mage,ุงูุฑุฃุฉ ูุงุฌู
272,๐ง,Fairy,ุฌููุฉ
273,๐งโโ๏ธ,Man Fairy,ุฑุฌู ุงูุฌููุฉ
274,๐งโโ๏ธ,Woman Fairy,ุงูุฑุฃุฉ ุงูุฌููุฉ
275,๐ง,Vampire,ุฑุนุจ
276,๐งโโ๏ธ,Man Vampire,ุฑุฌู ูุตุงุต ุงูุฏูุงุก
277,๐งโโ๏ธ,Woman Vampire,ุงูุฑุฃุฉ ูุตุงุต ุฏูุงุก
278,๐ง,Merperson,Merperson
279,๐งโโ๏ธ,Merman,ุญูุฑูุฉ
280,๐งโโ๏ธ,Mermaid,ุญูุฑูุฉ ุงูุจุญุฑ
281,๐ง,Elf,ูุฒู
282,๐งโโ๏ธ,Man Elf,ุฑุฌู ุงูุนูุฑูุช
283,๐งโโ๏ธ,Woman Elf,ุงูุฑุฃุฉ ุงูุนูุฑูุช
284,๐ง,Genie,ุงูุฌูู
285,๐งโโ๏ธ,Man Genie,ุฑุฌู ุงูุฌูู
286,๐งโโ๏ธ,Woman Genie,ุงูุฑุฃุฉ ุงูุฌูู
287,๐ง,Zombie,ุงูุงููุงุช ุงูุงุญูุงุก
288,๐งโโ๏ธ,Man Zombie,ุงูุฑุฌู ุงููุณูู
289,๐งโโ๏ธ,Woman Zombie,ุงููุฑุฃุฉ ุงููุณูู
290,๐,Person Getting Massage,ุดุฎุต ุชุฏููู ูููุตูู ุฅูู
291,๐โโ๏ธ,Man Getting Massage,ุฑุฌู ุชุฏููู ูููุตูู ุฅูู
292,๐โโ๏ธ,Woman Getting Massage,ุงูุฑุฃุฉ ุชุฏููู ูููุตูู ุฅูู
293,๐,Person Getting Haircut,ุดุฎุต ุญูุงูุฉ ุงูุญุตูู ุนูู
294,๐โโ๏ธ,Man Getting Haircut,ุฑุฌู ูุต ุดุนุฑ ูููุตูู ุฅูู
295,๐โโ๏ธ,Woman Getting Haircut,ุงูุฑุฃุฉ ุญูุงูุฉ ุงูุญุตูู ุนูู
296,๐ถ,Person Walking,ุดุฎุต ุงููุดู
297,๐ถโโ๏ธ,Man Walking,ุงูุฑุฌู ุงููุดู
298,๐ถโโ๏ธ,Woman Walking,ุงูุฑุฃุฉ ุงููุดู
299,๐,Person Running,ุดุฎุต ุงูุฌุฑู
300,๐โโ๏ธ,Man Running,ุฑุฌู ุงูุฌุฑู
301,๐โโ๏ธ,Woman Running,ุงูุฑุฃุฉ ุงูุฌุฑู
302,๐,Woman Dancing,ุงูุฑุฃุฉ ุงูุฑูุต
303,๐บ,Man Dancing,ุฑุฌู ุงูุฑูุต
304,๐ด,Man in Suit Levitating,ุฑุฌู ูู ุงูุฑูุน ุงูุจุฏูุฉ
305,๐ฏ,People With Bunny Ears,ุงููุงุณ ูุน ุขุฐุงู ุงูุฃุฑูุจ
306,๐ฏโโ๏ธ,Men With Bunny Ears,ุงูุฑุฌุงู ูุน ุขุฐุงู ุงูุฃุฑูุจ
307,๐ฏโโ๏ธ,Women With Bunny Ears,ูุณุงุก ูุน ุขุฐุงู ุงูุฃุฑูุจ
308,๐ง,Person in Steamy Room,ุดุฎุต ูู ุบุฑูุฉ ูุดุจุน ุจุงูุจุฎุงุฑ
309,๐งโโ๏ธ,Man in Steamy Room,ุฑุฌู ูู ุบุฑูุฉ ูุดุจุน ุจุงูุจุฎุงุฑ
310,๐งโโ๏ธ,Woman in Steamy Room,ุงูุฑุฃุฉ ูู ุบุฑูุฉ ูุดุจุน ุจุงูุจุฎุงุฑ
311,๐ง,Person in Lotus Position,ุดุฎุต ูู Lotus ุงููุธููุฉ
312,๐ญ,Women Holding Hands,ุงููุฑุฃุฉ ูุฏุง ุจูุฏ
313,๐ซ,Woman and Man Holding Hands,ุงููุฑุฃุฉ ูุงูุฑุฌู ูุฏุง ุจูุฏ
314,๐ฌ,Men Holding Hands,ุงูุฑุฌุงู ูุฏุง ุจูุฏ
315,๐,Kiss,ูุจูุฉ
316,๐จโโค๏ธโ๐โ๐จ,"Kiss: Man, Man",ูุจูุฉ: ุฑุฌูุ ุฑุฌู
317,๐ฉโโค๏ธโ๐โ๐ฉ,"Kiss: Woman, Woman",ูุจูุฉ: ุงูุฑุฃุฉุ ุงูุฑุฃุฉ
318,๐,Couple With Heart,ุฒูุฌูู ูุน ุงูููุจ
319,๐จโโค๏ธโ๐จ,"Couple With Heart: Man, Man",ุฒูุฌูู ูุน ุงูููุจ: ุฑุฌูุ ุฑุฌู
320,๐ฉโโค๏ธโ๐ฉ,"Couple With Heart: Woman, Woman",ุฒูุฌูู ูุน ุงูููุจ: ุงููุฑุฃุฉุ ุงููุฑุฃุฉ
321,๐ช,Family,ุนุงุฆูุฉ
322,๐จโ๐ฉโ๐ฆ,"Family: Man, Woman, Boy",ุงูุฃุณุฑุฉ: ุฑุฌูุ ุงูุฑุฃุฉุ ูุชู
323,๐จโ๐ฉโ๐ง,"Family: Man, Woman, Girl",ุงูุฃุณุฑุฉ: ุฑุฌูุ ุงูุฑุฃุฉุ ูุชุงุฉ
324,๐จโ๐ฉโ๐งโ๐ฆ,"Family: Man, Woman, Girl, Boy",ุงูุฃุณุฑุฉ: ุฑุฌูุ ุงูุฑุฃุฉุ ูุชุงุฉุ ูุชู
325,๐จโ๐ฉโ๐ฆโ๐ฆ,"Family: Man, Woman, Boy, Boy",ุงูุฃุณุฑุฉ: ุฑุฌูุ ุงูุฑุฃุฉุ ูุชูุ ูุชู
326,๐จโ๐ฉโ๐งโ๐ง,"Family: Man, Woman, Girl, Girl",ุงูุฃุณุฑุฉ: ุฑุฌูุ ุงูุฑุฃุฉุ ูุชุงุฉุ ูุชุงุฉ
327,๐จโ๐จโ๐ฆ,"Family: Man, Man, Boy",ุงูุฃุณุฑุฉ: ุงูุฑุฌูุ ุงูุฑุฌูุ ูุชู
328,๐จโ๐จโ๐ง,"Family: Man, Man, Girl",ุงูุฃุณุฑุฉ: ุงูุฑุฌูุ ุงูุฑุฌูุ ุงููุชุงุฉ
329,๐จโ๐จโ๐งโ๐ฆ,"Family: Man, Man, Girl, Boy",ุงูุฃุณุฑุฉ: ุงูุฑุฌูุ ุงูุฑุฌูุ ุงููุชุงุฉุ ุจูู
330,๐จโ๐จโ๐ฆโ๐ฆ,"Family: Man, Man, Boy, Boy",ุงูุฃุณุฑุฉ: ุงูุฑุฌูุ ุงูุฑุฌูุ ูุชูุ ูุชู
331,๐จโ๐จโ๐งโ๐ง,"Family: Man, Man, Girl, Girl",ุงูุฃุณุฑุฉ: ุงูุฑุฌูุ ุงูุฑุฌูุ ุงููุชุงุฉุ ูุชุงุฉ
332,๐ฉโ๐ฉโ๐ฆ,"Family: Woman, Woman, Boy",ุงูุฃุณุฑุฉ: ุงูุฑุฃุฉุ ุงูุฑุฃุฉุ ูุชู
333,๐ฉโ๐ฉโ๐ง,"Family: Woman, Woman, Girl",ุงูุฃุณุฑุฉ: ุงูุฑุฃุฉุ ุงูุฑุฃุฉุ ูุชุงุฉ
334,๐ฉโ๐ฉโ๐งโ๐ฆ,"Family: Woman, Woman, Girl, Boy",ุงูุฃุณุฑุฉ: ุงูุฑุฃุฉุ ุงูุฑุฃุฉุ ูุชุงุฉุ ูุชู
335,๐ฉโ๐ฉโ๐ฆโ๐ฆ,"Family: Woman, Woman, Boy, Boy",ุงูุฃุณุฑุฉ: ุงูุฑุฃุฉุ ุงูุฑุฃุฉุ ูุชูุ ูุชู
336,๐ฉโ๐ฉโ๐งโ๐ง,"Family: Woman, Woman, Girl, Girl",ุงูุฃุณุฑุฉ: ุงูุฑุฃุฉุ ุงูุฑุฃุฉุ ูุชุงุฉุ ูุชุงุฉ
337,๐จโ๐ฆ,"Family: Man, Boy",ุงูุฃุณุฑุฉ: ุฑุฌูุ ูุชู
338,๐จโ๐ฆโ๐ฆ,"Family: Man, Boy, Boy",ุงูุฃุณุฑุฉ: ุฑุฌูุ ูุชูุ ูุชู
339,๐จโ๐ง,"Family: Man, Girl",ุงูุฃุณุฑุฉ: ุฑุฌูุ ูุชุงุฉ
340,๐จโ๐งโ๐ฆ,"Family: Man, Girl, Boy",ุงูุฃุณุฑุฉ: ุฑุฌูุ ูุชุงุฉุ ูุชู
341,๐จโ๐งโ๐ง,"Family: Man, Girl, Girl",ุงูุฃุณุฑุฉ: ุฑุฌูุ ูุชุงุฉุ ูุชุงุฉ
342,๐ฉโ๐ฆ,"Family: Woman, Boy",ุงูุฃุณุฑุฉ: ุงูุฑุฃุฉุ ูุชู
343,๐ฉโ๐ฆโ๐ฆ,"Family: Woman, Boy, Boy",ุงูุฃุณุฑุฉ: ุงูุฑุฃุฉุ ูุชูุ ูุชู
344,๐ฉโ๐ง,"Family: Woman, Girl",ุงูุฃุณุฑุฉ: ุงูุฑุฃุฉุ ูุชุงุฉ
345,๐ฉโ๐งโ๐ฆ,"Family: Woman, Girl, Boy",ุงูุฃุณุฑุฉ: ุงูุฑุฃุฉุ ูุชุงุฉุ ูุชู
346,๐ฉโ๐งโ๐ง,"Family: Woman, Girl, Girl",ุงูุฃุณุฑุฉ: ุงูุฑุฃุฉุ ูุชุงุฉุ ูุชุงุฉ
347,๐ฃ,Speaking Head,ูุชุญุฏุซ ุฑุฆูุณ
348,๐ค,Bust in Silhouette,ุชูุซุงู ูุตูู ูู ุตูุฑุฉ ุธููุฉ
349,๐ฅ,Busts in Silhouette,ุชูุงุซูู ูุตููุฉ ูู ุตูุฑุฉ ุธููุฉ
350,๐ฃ,Footprints,ุงุซุงุฑ ุงูุงูุฏุงู
351,๐งณ,Luggage,ุฃูุชุนุฉ
352,๐,Closed Umbrella,ูุบููุฉ ูุธูุฉ
353,โ,Umbrella,ูุธูุฉ
354,๐งต,Thread,ุฎูุท
355,๐งถ,Yarn,ุบุฒู
356,๐,Glasses,ูุธุงุฑุงุช
357,๐ถ,Sunglasses,ูุธุงุฑุงุช ุดูุณูู
358,๐ฅฝ,Goggles,ูุธุงุฑุงุช ูุงููุฉ
359,๐ฅผ,Lab Coat,ูุนุทู ุงููุฎุชุจุฑ
360,๐,Necktie,ุฑุจุทุฉ ุนูู
361,๐,T-Shirt,ุชู ุดูุฑุช
362,๐,Jeans,ุฌููุฒ
363,๐งฃ,Scarf,ูุดุงุญ
364,๐งค,Gloves,ููุงุฒุงุช
365,๐งฅ,Coat,ูุนุทู
366,๐งฆ,Socks,ุฌูุงุฑุจ
367,๐,Dress,ูุณุชุงู
368,๐,Kimono,ุซูุจ ูุงุณุน ูุถูุงุถ
369,๐,Bikini,ุจููููู
370,๐,Womanโs Clothes,ุงูููุงุจุณ ุงููุฑุฃุฉ
371,๐,Purse,ูุญูุธุฉ
372,๐,Handbag,ุญููุจุฉ ูุฏ
373,๐,Clutch Bag,ุญููุจุฉ ูุฎูุจ
374,๐,Backpack,ุญููุจุฉ ุธูุฑ
375,๐,Manโs Shoe,ุญุฐุงุก ุงูุฑุฌู
376,๐,Running Shoe,ุญุฐุงุก ุงูุฌุฑู
377,๐ฅพ,Hiking Boot,ุญุฐุงุก ุชูุฒู
378,๐ฅฟ,Flat Shoe,ุงูุฃุญุฐูุฉ ุงููุณุทุญุฉ
379,๐,High-Heeled Shoe,ุญุฐุงุก ุจูุนุจ ุนุงู
380,๐ก,Womanโs Sandal,ุตูุฏู ุงููุฑุฃุฉ
381,๐ข,Womanโs Boot,ุงูุญุฐุงุก ุงููุฑุฃุฉ
382,๐,Crown,ุชุงุฌ
383,๐,Womanโs Hat,ูุงุช ุงููุฑุฃุฉ
384,๐ฉ,Top Hat,ูุจุนุฉ ุนุงููุฉ
385,๐,Graduation Cap,ูุจุนุฉ ุงูุชุฎุฑุฌ
386,๐งข,Billed Cap,ุงููููุชุฑ ูุงุจ
387,โ,Rescue Workerโs Helmet,ุฎูุฐุฉ ุฅููุงุฐ ุงูุนูุงู
388,๐,Lipstick,ุฃุญูุฑ ุงูุดูุงู
389,๐,Ring,ุญููุฉ
390,๐ผ,Briefcase,ุญููุจุฉ
